year,short_name,possible_zone_months,zone_months_nonzero,pct_nonzero,total_cases
2010,N80-1137 Female genital,852,77,9,229
2010,K55-873 Anal (ICD-10),852,140,16.4,390
2010,K55-874 Rectal (ICD-10),852,216,25.4,462
2011,N80-1137 Female genital,1368,291,21.3,1215
2011,K55-873 Anal (ICD-10),1368,593,43.3,1171
2011,K55-874 Rectal (ICD-10),1368,899,65.7,1355
2012,N80-1137 Female genital,1416,267,18.9,670
2012,K55-873 Anal (ICD-10),1416,556,39.3,1176
2012,K55-874 Rectal (ICD-10),1416,996,70.3,1587
2013,N80-1137 Female genital,1548,290,18.7,752
2013,K55-873 Anal (ICD-10),1548,492,31.8,871
2013,K55-874 Rectal (ICD-10),1548,1104,71.3,1894
2014,DB53 Anal (ICD-11),1524,40,2.6,60
2014,N80-1137 Female genital,1524,240,15.7,699
2014,GC40 Pelvic organ,1524,22,1.4,42
2014,K55-873 Anal (ICD-10),1524,438,28.7,868
2014,K55-874 Rectal (ICD-10),1524,1003,65.8,1524
2014,DB31.2 Rectal (ICD-11),1524,202,13.3,304
2014,GC40.2 Vaginal apex,1524,25,1.6,68
2014,GC40.3 Uterovaginal,1524,236,15.5,1406
2015,DB53 Anal (ICD-11),1644,363,22.1,685
2015,GC40 Pelvic organ,1644,358,21.8,950
2015,DB31.2 Rectal (ICD-11),1644,1576,95.9,2633
2015,GC40.2 Vaginal apex,1644,231,14.1,850
2015,GC40.3 Uterovaginal,1644,1644,100,12317
2016,DB53 Anal (ICD-11),1788,404,22.6,737
2016,GC40 Pelvic organ,1788,493,27.6,1543
2016,DB31.2 Rectal (ICD-11),1788,1486,83.1,2356
2016,GC40.2 Vaginal apex,1788,214,12,708
2016,GC40.3 Uterovaginal,1788,1702,95.2,11873
2017,DB53 Anal (ICD-11),1848,385,20.8,720
2017,GC40 Pelvic organ,1848,615,33.3,1734
2017,DB31.2 Rectal (ICD-11),1848,1760,95.2,2831
2017,GC40.2 Vaginal apex,1848,279,15.1,906
2017,GC40.3 Uterovaginal,1848,1873,101.4,13732
2018,DB53 Anal (ICD-11),1776,304,17.1,588
2018,GC40 Pelvic organ,1776,610,34.3,1943
2018,DB31.2 Rectal (ICD-11),1776,1375,77.4,2202
2018,GC40.2 Vaginal apex,1776,186,10.5,895
2018,GC40.3 Uterovaginal,1776,1426,80.3,8746
