region_id,region_name,n_woredas,total_cases,total_treated,region_treat_rate,n_woredas_any_care,pct_covered,n_high_burden_gap,pct_gap
Fccw8uMlJHN,Benishangul-Gumuz,54,355,12,0.03380281690140845,31,0.5740740740740741,0,0
G9hDiPNoB7d,Dire Dawa,16,1,1,1,15,0.9375,0,0
Gmw0DJLXGtx,Tigray,101,276,60,0.21739130434782608,97,0.9603960396039604,0,0
HIlnt7Qj8do,South West Ethiopia,65,61,18,0.29508196721311475,61,0.9384615384615385,0,0
PCKGSJoNHXi,Somali,116,412,239,0.5800970873786407,104,0.896551724137931,0,0
UFtGyqJMEZh,Afar,46,92,1,0.010869565217391304,44,0.9565217391304348,0,0
XU2wpLlX4Vk,Oromia,1109,2211,986,0.4459520578923564,766,0.690712353471596,5,0.004508566275924256
a2QIIR2UXcd,South Ethiopia,208,184,138,0.75,141,0.6778846153846154,0,0
b9nYedsL8te,Harari,37,0,0,0,16,0.43243243243243246,0,0
moBiwh9h5Ce,Gambella,46,6,1,0.16666666666666666,40,0.8695652173913043,0,0
tDoLtk2ylu4,Central Ethiopia,99,229,95,0.4148471615720524,95,0.9595959595959596,1,0.010101010101010102
xNUoZIrGKxQ,Sidama,42,358,126,0.35195530726256985,42,1,0,0
yY9BLUUegel,Addis Ababa,361,15,8,0.5333333333333333,205,0.5678670360110804,0,0
yb9NKGA8uqt,Amhara,632,951,614,0.6456361724500526,425,0.6724683544303798,0,0
