variable,high,low,difference,pct_higher,pct_missing
iron_folate_90d,2823.44329781264,548.5426971042044,2274.900600708436,414.7,2.1
anc1_by_age,2739.8250330541964,599.8914191077579,2139.9336139464385,356.7,0.1
anc1_by_gest_week,2733.2521026525847,630.8684045881147,2102.38369806447,333.3,49.7
anc1_gest_week_count,2527.183622828784,547.0649734199653,1980.1186494088186,362,47.2
anc4_by_gest_week,2108.3557567917082,474.0824806849045,1634.2732761068037,344.7,49.8
anc4_by_age,1980.888754268027,423.88951019986,1556.999244068167,367.3,0.2
skilled_birth_attendance,1892.421759718088,357.85152838428445,1534.5702313338036,428.8,0.4
syphilis_tested,1947.1701940035546,433.40912897822443,1513.76106502533,349.3,0.8
dewormed,1458.6512236767005,250.7802127659578,1207.8710109107428,481.6,3.1
anc8_contacts,837.5611749116596,180.36135163674754,657.199823274912,364.4,50.6
nutrition_counselled,1127.8553940321358,485.3149509803922,642.5404430517435,132.4,88.7
caesarean_section,127.65006061942306,36.4290156551574,91.22104496426566,250.4,2
teen_preg_positive,106.44957841483605,22.311317763922762,84.1382606509133,377.1,2.2
malnutrition_icd11,130.6892911010558,51.31724137931033,79.37204972174547,154.7,95.7
pph,62.6241181657847,20.06271043771017,42.56140772807453,212.1,50.5
malnutrition_icd10,56.481327800829845,75.89393939393939,-19.412611593109546,-25.6,98.4
lbw_or_premature_kmc,20.397164691549946,3.1624960068150174,17.234668684734928,545,1.8
syphilis_treated,22.580714205249507,6.869643423976266,15.711070781273241,228.7,2.3
fetal_hypoxia_signs,13.617283950617281,1.8333333333333335,11.783950617283947,642.8,99.5
fetal_distress_icd11,18.520069808027916,6.8591549295774605,11.660914878450455,170,92
uti_preg,39.64784546805343,28.04757630161583,11.600269166437602,41.4,79.7
pre_eclampsia_icd11,18.670969877524037,8.081730769230797,10.58923910829324,131,78.4
preterm_newborn,18.207644248438054,9.12808460634547,9.079559642092585,99.5,81
preterm_labour_icd10,9.094748858447499,17.286486486486503,-8.191737628039004,-47.4,94.3
elderly_primigravida,14.107142857142856,6.222222222222222,7.8849206349206336,126.7,99.8
post_term_preg,18.686299615877104,11.646464646464644,7.0398349694124605,60.4,94.8
intrauterine_hypoxia,3.84,9.923076923076923,-6.0830769230769235,-61.3,99.8
low_birth_weight,12.848732624693378,6.8155802861685215,6.033152338524856,88.5,83.6
meconium_liquor,10.244047619047617,4.333333333333334,5.910714285714283,136.4,99
high_risk_preg_supervision,34.88524590163935,40.282608695652165,-5.397362794012814,-13.4,98.5
low_weight_gain_icd10,7.551724137931035,2.4444444444444446,5.10727969348659,208.9,99.6
low_weight_gain_icd11,7.808823529411762,2.7333333333333334,5.075490196078428,185.7,99.6
severe_pre_eclampsia,12.73935821872946,7.685039370078739,5.054318848650722,65.8,90.5
grand_multiparity,10.379310344827585,5.4,4.979310344827585,92.2,99.8
genito_urinary_infection,10.677685950413235,15.068396226415102,-4.390710276001867,-29.1,92.6
teen_preg_rate,9.911746031746018,14.066780155641935,-4.155034123895916,-29.5,78.3
fetal_distress_icd10,12.80696661828738,8.676470588235286,4.130496030052093,47.6,95.6
poor_obstetric_history,17.727272727272723,13.708333333333334,4.018939393939389,29.3,99.3
prom,12.037285607755416,8.284697508896809,3.752588098858608,45.3,91.4
antepartum_haem_icd11,7.933977455716604,4.223357664233577,3.710619791483027,87.9,83.1
anc1_before_12wk_pct,54.3299043062201,50.978585178055845,3.3513191281642563,6.6,77.8
prolonged_1st_stage_icd10,14.445427728613547,17.79411764705882,-3.348689918445272,-18.8,95.7
pre_eclampsia_unspec,10.54503582395085,7.565040650406506,2.979995173544343,39.4,87
diabetes_preg_icd10,5.767032967032964,8.719806763285026,-2.952773796252062,-33.9,96.5
cervical_incompetence,4.344696969696971,1.6333333333333333,2.7113636363636373,166,98.4
obstructed_pelvic,6.897769516728624,4.1914893617021285,2.706280155026495,64.6,96.1
placenta_praevia_no_haem,4.826771653543304,2.3,2.526771653543304,109.9,99.2
intrapartum_haem,4.589552238805969,2.148148148148148,2.441404090657821,113.7,99
pre_eclampsia_on_chronic_htn,5.356725146198832,3.18018018018018,2.1765449660186516,68.4,97.6
breech,9.005340453938592,6.97391304347826,2.0314274104603323,29.1,95.4
twin_preg_icd10,5.859484777517567,3.868181818181818,1.9913029593357487,51.5,92
uterine_rupture_during_icd10,2.8349206349206346,4.791666666666665,-1.9567460317460306,-40.8,96.4
gestational_diabetes,4.901840490797546,2.974358974358973,1.9274815164385726,64.8,98.9
preterm_labour_icd11,6.942908117752011,8.8030303030303,-1.8601221852782883,-21.1,92.3
diabetes_preg_icd11,6.47987117552335,8.056478405315625,-1.576607229792275,-19.6,95.1
pre_existing_htn,8.638961038961035,7.112903225806452,1.5260578131545834,21.5,97.3
poor_fetal_growth,3.908396946564886,2.5,1.4083969465648858,56.3,99.2
obstructed_malpresentation,7.319343065693431,5.926829268292685,1.3925137974007464,23.5,92.6
twin_preg_icd11,6.313043478260877,5.0188679245282986,1.294175553732578,25.8,90.3
obstructed_labour_unspec,10.315634218289093,11.5,-1.1843657817109072,-10.3,97.7
prolonged_2nd_stage_icd10,9.951263537906138,10.946902654867268,-0.9956391169611294,-9.1,96.4
anc4_coverage_pct,85.25914833879271,84.30557960557964,0.9535687332130749,1.1,77.5
cord_prolapse,2.346555323590814,1.4333333333333331,0.913221990257481,63.7,97.1
amniotic_fluid_disorders,6.50561797752809,5.625,0.8806179775280896,15.7,98.1
unspec_maternal_htn,11.564397905759161,10.6865671641791,0.8778307415800608,8.2,93.1
slow_fetal_growth_newborn,4.289405684754524,5.142857142857143,-0.8534514581026196,-16.6,97.6
obstetric_fistula_cases,1.0486336266790166,0.20176662017666078,0.8468670065023558,419.7,54.1
rhesus_isoimmunisation,4.987878787878789,4.166666666666667,0.8212121212121222,19.7,99
pyelonephritis_preg,4.671328671328662,3.93170731707317,0.7396213542554921,18.8,93.6
substance_treated_pct,13.097366787377156,13.832660123966981,-0.7352933365898249,-5.3,79.4
anc8_coverage_pct,50.54009411764705,49.83014029995163,0.7099538176954212,1.4,77.7
anaemia_complicating_preg,5.475824175824173,4.776785714285714,0.6990384615384588,14.6,94
prolonged_2nd_stage_icd11,5.638364779874213,6.325714285714281,-0.6873495058400678,-10.9,95.7
prolonged_1st_stage_icd11,14.964085297418611,14.421296296296289,0.5427890011223226,3.8,94.1
placenta_praevia_haem,3.552529182879379,3.096153846153846,0.4563753367255332,14.7,98.4
uterine_rupture_before,2.5231213872832354,2.0681818181818183,0.4549395691014171,22,97.9
substance_alcohol,189.38955119214586,188.96961446307992,0.41993672906593815,0.2,52.7
obstetric_fistula_treated,0.4798424467099112,0.08486398511974,0.39497846159017125,465.4,54.1
cord_complications_icd11,2.6643678160919544,3.0412371134020617,-0.3768692973101073,-12.4,97.2
antepartum_haem_icd10,5.165496489468405,4.798701298701298,0.36679519076710676,7.6,93.9
hiv_complicating_preg,2.7524752475247523,2.5,0.25247524752475226,10.1,99.3
polyhydramnios,4.089812332439673,4.247311827956988,-0.1574994955173148,-3.7,95
uterine_rupture_during_icd11,2.4463452566096424,2.313131313131313,0.13321394347832927,5.8,96
eclampsia_preg,3.831578947368418,3.7087378640776705,0.12284108329074739,3.3,97.4
transverse_oblique_lie,3.0065146579804556,2.897435897435897,0.10907876054455867,3.8,98.2
syphilis_complicating_preg,3.429629629629629,3.3448275862068964,0.08480204342273279,2.5,99.1
substance_khat,499.82279720279723,499.8258358662614,-0.003038663464167257,-0,52.6
substance_tobacco,489.8354545454545,489.8382761615284,-0.002821616073902078,-0,52.6
